Date,Location,Time,Weather,Severity,Casualties
2023-01-01,City A,Morning,Clear,1,0
2023-01-02,City A,Afternoon,Rainy,2,1
2023-01-03,City A,Evening,Foggy,3,2
2023-01-04,City A,Night,Snowy,4,3
2023-01-05,City A,Morning,Clear,1,0
2023-01-06,City A,Afternoon,Rainy,2,1
2023-01-07,City A,Evening,Foggy,3,2
2023-01-08,City A,Night,Snowy,4,3
2023-01-09,City A,Morning,Clear,1,0
2023-01-10,City A,Afternoon,Rainy,2,1
2023-01-11,City A,Evening,Foggy,3,2
2023-01-12,City A,Night,Snowy,4,3
2023-01-13,City A,Morning,Clear,1,0
2023-01-14,City A,Afternoon,Rainy,2,1
2023-01-15,City A,Evening,Foggy,3,2
2023-01-16,City A,Night,Snowy,4,3
2023-01-17,City A,Morning,Clear,1,0
2023-01-18,City A,Afternoon,Rainy,2,1
2023-01-19,City A,Evening,Foggy,3,2
2023-01-20,City A,Night,Snowy,4,3
2023-01-21,City A,Morning,Clear,1,0
2023-01-22,City A,Afternoon,Rainy,2,1
2023-01-23,City A,Evening,Foggy,3,2
2023-01-24,City A,Night,Snowy,4,3
2023-01-25,City A,Morning,Clear,1,0
2023-01-26,City A,Afternoon,Rainy,2,1
2023-01-27,City A,Evening,Foggy,3,2
2023-01-28,City A,Night,Snowy,4,3
2023-01-29,City A,Morning,Clear,1,0
2023-01-30,City A,Afternoon,Rainy,2,1
2023-01-31,City A,Evening,Foggy,3,2
2023-02-01,City A,Night,Snowy,4,3
2023-02-02,City A,Morning,Clear,1,0
2023-02-03,City A,Afternoon,Rainy,2,1
2023-02-04,City A,Evening,Foggy,3,2
2023-02-05,City A,Night,Snowy,4,3
2023-02-06,City A,Morning,Clear,1,0
2023-02-07,City A,Afternoon,Rainy,2,1
2023-02-08,City A,Evening,Foggy,3,2
2023-02-09,City A,Night,Snowy,4,3
2023-02-10,City A,Morning,Clear,1,0
2023-02-11,City A,Afternoon,Rainy,2,1
2023-02-12,City A,Evening,Foggy,3,2
2023-02-13,City A,Night,Snowy,4,3
2023-02-14,City A,Morning,Clear,1,0
2023-02-15,City A,Afternoon,Rainy,2,1
2023-02-16,City A,Evening,Foggy,3,2
2023-02-17,City A,Night,Snowy,4,3
2023-02-18,City A,Morning,Clear,1,0
2023-02-19,City A,Afternoon,Rainy,2,1
2023-02-20,City A,Evening,Foggy,3,2
2023-02-21,City A,Night,Snowy,4,3
2023-02-22,City A,Morning,Clear,1,0
2023-02-23,City A,Afternoon,Rainy,2,1
2023-02-24,City A,Evening,Foggy,3,2
2023-02-25,City A,Night,Snowy,4,3
2023-02-26,City A,Morning,Clear,1,0
2023-02-27,City A,Afternoon,Rainy,2,1
2023-02-28,City A,Evening,Foggy,3,2
2023-03-01,City A,Night,Snowy,4,3
2023-03-02,City A,Morning,Clear,1,0
2023-03-03,City A,Afternoon,Rainy,2,1
2023-03-04,City A,Evening,Foggy,3,2
2023-03-05,City A,Night,Snowy,4,3
2023-03-06,City A,Morning,Clear,1,0
2023-03-07,City A,Afternoon,Rainy,2,1
2023-03-08,City A,Evening,Foggy,3,2
2023-03-09,City A,Night,Snowy,4,3
2023-03-10,City A,Morning,Clear,1,0
2023-03-11,City A,Afternoon,Rainy,2,1
2023-03-12,City A,Evening,Foggy,3,2
2023-03-13,City A,Night,Snowy,4,3
2023-03-14,City A,Morning,Clear,1,0
2023-03-15,City A,Afternoon,Rainy,2,1
2023-03-16,City A,Evening,Foggy,3,2
2023-03-17,City A,Night,Snowy,4,3
2023-03-18,City A,Morning,Clear,1,0
2023-03-19,City A,Afternoon,Rainy,2,1
2023-03-20,City A,Evening,Foggy,3,2
2023-03-21,City A,Night,Snowy,4,3
2023-03-22,City A,Morning,Clear,1,0
2023-03-23,City A,Afternoon,Rainy,2,1
2023-03-24,City A,Evening,Foggy,3,2
2023-03-25,City A,Night,Snowy,4,3
2023-03-26,City A,Morning,Clear,1,0
2023-03-27,City A,Afternoon,Rainy,2,1
2023-03-28,City A,Evening,Foggy,3,2
2023-03-29,City A,Night,Snowy,4,3
2023-03-30,City A,Morning,Clear,1,0
2023-03-31,City A,Afternoon,Rainy,2,1
2023-04-01,City A,Evening,Foggy,3,2
2023-04-02,City A,Night,Snowy,4,3
2023-04-03,City A,Morning,Clear,1,0
2023-04-04,City A,Afternoon,Rainy,2,1
2023-04-05,City A,Evening,Foggy,3,2
2023-04-06,City A,Night,Snowy,4,3
2023-04-07,City A,Morning,Clear,1,0
2023-04-08,City A,Afternoon,Rainy,2,1
2023-04-09,City A,Evening,Foggy,3,2
2023-04-10,City A,Night,Snowy,4,3
2023-04-11,City A,Morning,Clear,1,0
2023-04-12,City A,Afternoon,Rainy,2,1
2023-04-13,City A,Evening,Foggy,3,2
2023-04-14,City A,Night,Snowy,4,3
2023-04-15,City A,Morning,Clear,1,0
2023-04-16,City A,Afternoon,Rainy,2,1
2023-04-17,City A,Evening,Foggy,3,2
2023-04-18,City A,Night,Snowy,4,3
2023-04-19,City A,Morning,Clear,1,0
2023-04-20,City A,Afternoon,Rainy,2,1
2023-04-21,City A,Evening,Foggy,3,2
2023-04-22,City A,Night,Snowy,4,3
2023-04-23,City A,Morning,Clear,1,0
2023-04-24,City A,Afternoon,Rainy,2,1
2023-04-25,City A,Evening,Foggy,3,2
2023-04-26,City A,Night,Snowy,4,3
2023-04-27,City A,Morning,Clear,1,0
2023-04-28,City A,Afternoon,Rainy,2,1
2023-04-29,City A,Evening,Foggy,3,2
2023-04-30,City A,Night,Snowy,4,3
2023-05-01,City A,Morning,Clear,1,0
2023-05-02,City A,Afternoon,Rainy,2,1
2023-05-03,City A,Evening,Foggy,3,2
2023-05-04,City A,Night,Snowy,4,3
2023-05-05,City A,Morning,Clear,1,0
2023-05-06,City A,Afternoon,Rainy,2,1
2023-05-07,City A,Evening,Foggy,3,2
2023-05-08,City A,Night,Snowy,4,3
2023-05-09,City A,Morning,Clear,1,0
2023-05-10,City A,Afternoon,Rainy,2,1
2023-05-11,City A,Evening,Foggy,3,2
2023-05-12,City A,Night,Snowy,4,3
2023-05-13,City A,Morning,Clear,1,0
2023-05-14,City A,Afternoon,Rainy,2,1
2023-05-15,City A,Evening,Foggy,3,2
2023-05-16,City A,Night,Snowy,4,3
2023-05-17,City A,Morning,Clear,1,0
2023-05-18,City A,Afternoon,Rainy,2,1
2023-05-19,City A,Evening,Foggy,3,2
2023-05-20,City A,Night,Snowy,4,3
2023-05-21,City A,Morning,Clear,1,0
2023-05-22,City A,Afternoon,Rainy,2,1
2023-05-23,City A,Evening,Foggy,3,2
2023-05-24,City A,Night,Snowy,4,3
2023-05-25,City A,Morning,Clear,1,0
2023-05-26,City A,Afternoon,Rainy,2,1
2023-05-27,City A,Evening,Foggy,3,2
2023-05-28,City A,Night,Snowy,4,3
2023-05-29,City A,Morning,Clear,1,0
2023-05-30,City A,Afternoon,Rainy,2,1
2023-05-31,City A,Evening,Foggy,3,2
2023-06-01,City A,Night,Snowy,4,3
2023-06-02,City A,Morning,Clear,1,0
2023-06-03,City A,Afternoon,Rainy,2,1
2023-06-04,City A,Evening,Foggy,3,2
2023-06-05,City A,Night,Snowy,4,3
2023-06-06,City A,Morning,Clear,1,0
2023-06-07,City A,Afternoon,Rainy,2,1
2023-06-08,City A,Evening,Foggy,3,2
2023-06-09,City A,Night,Snowy,4,3
2023-06-10,City A,Morning,Clear,1,0
2023-06-11,City A,Afternoon,Rainy,2,1
2023-06-12,City A,Evening,Foggy,3,2
2023-06-13,City A,Night,Snowy,4,3
2023-06-14,City A,Morning,Clear,1,0
2023-06-15,City A,Afternoon,Rainy,2,1
2023-06-16,City A,Evening,Foggy,3,2
2023-06-17,City A,Night,Snowy,4,3
2023-06-18,City A,Morning,Clear,1,0
2023-06-19,City A,Afternoon,Rainy,2,1
2023-06-20,City A,Evening,Foggy,3,2
2023-06-21,City A,Night,Snowy,4,3
2023-06-22,City A,Morning,Clear,1,0
2023-06-23,City A,Afternoon,Rainy,2,1
2023-06-24,City A,Evening,Foggy,3,2
2023-06-25,City A,Night,Snowy,4,3
2023-06-26,City A,Morning,Clear,1,0
2023-06-27,City A,Afternoon,Rainy,2,1
2023-06-28,City A,Evening,Foggy,3,2
2023-06-29,City A,Night,Snowy,4,3
2023-06-30,City A,Morning,Clear,1,0
2023-07-01,City A,Afternoon,Rainy,2,1
2023-07-02,City A,Evening,Foggy,3,2
2023-07-03,City A,Night,Snowy,4,3
2023-07-04,City A,Morning,Clear,1,0
2023-07-05,City A,Afternoon,Rainy,2,1
2023-07-06,City A,Evening,Foggy,3,2
2023-07-07,City A,Night,Snowy,4,3
2023-07-08,City A,Morning,Clear,1,0
2023-07-09,City A,Afternoon,Rainy,2,1
2023-07-10,City A,Evening,Foggy,3,2
2023-07-11,City A,Night,Snowy,4,3
2023-07-12,City A,Morning,Clear,1,0
2023-07-13,City A,Afternoon,Rainy,2,1
2023-07-14,City A,Evening,Foggy,3,2
2023-07-15,City A,Night,Snowy,4,3
2023-07-16,City A,Morning,Clear,1,0
2023-07-17,City A,Afternoon,Rainy,2,1
2023-07-18,City A,Evening,Foggy,3,2
2023-07-19,City A,Night,Snowy,4,3
2023-07-20,City A,Morning,Clear,1,0
2023-07-21,City A,Afternoon,Rainy,2,1
2023-07-22,City A,Evening,Foggy,3,2
2023-07-23,City A,Night,Snowy,4,3
2023-07-24,City A,Morning,Clear,1,0
2023-07-25,City A,Afternoon,Rainy,2,1
2023-07-26,City A,Evening,Foggy,3,2
2023-07-27,City A,Night,Snowy,4,3
2023-07-28,City A,Morning,Clear,1,0
2023-07-29,City A,Afternoon,Rainy,2,1
2023-07-30,City A,Evening,Foggy,3,2
2023-07-31,City A,Night,Snowy,4,3
2023-08-01,City A,Morning,Clear,1,0
2023-08-02,City A,Afternoon,Rainy,2,1
2023-08-03,City A,Evening,Foggy,3,2
2023-08-04,City A,Night,Snowy,4,3
2023-08-05,City A,Morning,Clear,1,0
2023-08-06,City A,Afternoon,Rainy,2,1
2023-08-07,City A,Evening,Foggy,3,2
2023-08-08,City A,Night,Snowy,4,3
2023-08-09,City A,Morning,Clear,1,0
2023-08-10,City A,Afternoon,Rainy,2,1
2023-08-11,City A,Evening,Foggy,3,2
2023-08-12,City A,Night,Snowy,4,3
2023-08-13,City A,Morning,Clear,1,0
2023-08-14,City A,Afternoon,Rainy,2,1
2023-08-15,City A,Evening,Foggy,3,2
2023-08-16,City A,Night,Snowy,4,3
2023-08-17,City A,Morning,Clear,1,0
2023-08-18,City A,Afternoon,Rainy,2,1
2023-08-19,City A,Evening,Foggy,3,2
2023-08-20,City A,Night,Snowy,4,3
2023-08-21,City A,Morning,Clear,1,0
2023-08-22,City A,Afternoon,Rainy,2,1
2023-08-23,City A,Evening,Foggy,3,2
2023-08-24,City A,Night,Snowy,4,3
2023-08-25,City A,Morning,Clear,1,0
2023-08-26,City A,Afternoon,Rainy,2,1
2023-08-27,City A,Evening,Foggy,3,2
2023-08-28,City A,Night,Snowy,4,3
2023-08-29,City A,Morning,Clear,1,0
2023-08-30,City A,Afternoon,Rainy,2,1
2023-08-31,City A,Evening,Foggy,3,2
2023-09-01,City A,Night,Snowy,4,3
2023-09-02,City A,Morning,Clear,1,0
2023-09-03,City A,Afternoon,Rainy,2,1
2023-09-04,City A,Evening,Foggy,3,2
2023-09-05,City A,Night,Snowy,4,3
2023-09-06,City A,Morning,Clear,1,0
2023-09-07,City A,Afternoon,Rainy,2,1
2023-09-08,City A,Evening,Foggy,3,2
2023-09-09,City A,Night,Snowy,4,3
2023-09-10,City A,Morning,Clear,1,0
2023-09-11,City A,Afternoon,Rainy,2,1
2023-09-12,City A,Evening,Foggy,3,2
2023-09-13,City A,Night,Snowy,4,3
2023-09-14,City A,Morning,Clear,1,0
2023-09-15,City A,Afternoon,Rainy,2,1
2023-09-16,City A,Evening,Foggy,3,2
2023-09-17,City A,Night,Snowy,4,3
2023-09-18,City A,Morning,Clear,1,0
2023-09-19,City A,Afternoon,Rainy,2,1
2023-09-20,City A,Evening,Foggy,3,2
2023-09-21,City A,Night,Snowy,4,3
2023-09-22,City A,Morning,Clear,1,0
2023-09-23,City A,Afternoon,Rainy,2,1
2023-09-24,City A,Evening,Foggy,3,2
2023-09-25,City A,Night,Snowy,4,3
2023-09-26,City A,Morning,Clear,1,0
2023-09-27,City A,Afternoon,Rainy,2,1
2023-09-28,City A,Evening,Foggy,3,2
2023-09-29,City A,Night,Snowy,4,3
2023-09-30,City A,Morning,Clear,1,0
2023-10-01,City A,Afternoon,Rainy,2,1
2023-10-02,City A,Evening,Foggy,3,2
2023-10-03,City A,Night,Snowy,4,3
2023-10-04,City A,Morning,Clear,1,0
2023-10-05,City A,Afternoon,Rainy,2,1
2023-10-06,City A,Evening,Foggy,3,2
2023-10-07,City A,Night,Snowy,4,3
2023-10-08,City A,Morning,Clear,1,0
2023-10-09,City A,Afternoon,Rainy,2,1
2023-10-10,City A,Evening,Foggy,3,2
2023-10-11,City A,Night,Snowy,4,3
2023-10-12,City A,Morning,Clear,1,0
2023-10-13,City A,Afternoon,Rainy,2,1
2023-10-14,City A,Evening,Foggy,3,2
2023-10-15,City A,Night,Snowy,4,3
2023-10-16,City A,Morning,Clear,1,0
2023-10-17,City A,Afternoon,Rainy,2,1
2023-10-18,City A,Evening,Foggy,3,2
2023-10-19,City A,Night,Snowy,4,3
2023-10-20,City A,Morning,Clear,1,0
2023-10-21,City A,Afternoon,Rainy,2,1
2023-10-22,City A,Evening,Foggy,3,2
2023-10-23,City A,Night,Snowy,4,3
2023-10-24,City A,Morning,Clear,1,0
2023-10-25,City A,Afternoon,Rainy,2,1
2023-10-26,City A,Evening,Foggy,3,2
2023-10-27,City A,Night,Snowy,4,3
2023-10-28,City B,Morning,Clear,1,0
2023-10-29,City B,Afternoon,Rainy,2,1
2023-10-30,City B,Evening,Foggy,3,2
2023-10-31,City B,Night,Snowy,4,3
2023-11-01,City B,Morning,Clear,1,0
2023-11-02,City B,Afternoon,Rainy,2,1
2023-11-03,City B,Evening,Foggy,3,2
2023-11-04,City B,Night,Snowy,4,3
2023-11-05,City B,Morning,Clear,1,0
2023-11-06,City B,Afternoon,Rainy,2,1
2023-11-07,City B,Evening,Foggy,3,2
2023-11-08,City B,Night,Snowy,4,3
2023-11-09,City B,Morning,Clear,1,0
2023-11-10,City B,Afternoon,Rainy,2,1
2023-11-11,City B,Evening,Foggy,3,2
2023-11-12,City B,Night,Snowy,4,3
2023-11-13,City B,Morning,Clear,1,0
2023-11-14,City B,Afternoon,Rainy,2,1
2023-11-15,City B,Evening,Foggy,3,2
2023-11-16,City B,Night,Snowy,4,3
2023-11-17,City B,Morning,Clear,1,0
2023-11-18,City B,Afternoon,Rainy,2,1
2023-11-19,City B,Evening,Foggy,3,2
2023-11-20,City B,Night,Snowy,4,3
2023-11-21,City B,Morning,Clear,1,0
2023-11-22,City B,Afternoon,Rainy,2,1
2023-11-23,City B,Evening,Foggy,3,2
2023-11-24,City B,Night,Snowy,4,3
2023-11-25,City B,Morning,Clear,1,0
2023-11-26,City B,Afternoon,Rainy,2,1
2023-11-27,City B,Evening,Foggy,3,2
2023-11-28,City B,Night,Snowy,4,3
2023-11-29,City B,Morning,Clear,1,0
2023-11-30,City B,Afternoon,Rainy,2,1
2023-12-01,City B,Evening,Foggy,3,2
2023-12-02,City B,Night,Snowy,4,3
2023-12-03,City B,Morning,Clear,1,0
2023-12-04,City B,Afternoon,Rainy,2,1
2023-12-05,City B,Evening,Foggy,3,2
2023-12-06,City B,Night,Snowy,4,3
2023-12-07,City B,Morning,Clear,1,0
2023-12-08,City B,Afternoon,Rainy,2,1
2023-12-09,City B,Evening,Foggy,3,2
2023-12-10,City B,Night,Snowy,4,3
2023-12-11,City B,Morning,Clear,1,0
2023-12-12,City B,Afternoon,Rainy,2,1
2023-12-13,City B,Evening,Foggy,3,2
2023-12-14,City B,Night,Snowy,4,3
2023-12-15,City B,Morning,Clear,1,0
2023-12-16,City B,Afternoon,Rainy,2,1
2023-12-17,City B,Evening,Foggy,3,2
2023-12-18,City B,Night,Snowy,4,3
2023-12-19,City B,Morning,Clear,1,0
2023-12-20,City B,Afternoon,Rainy,2,1
2023-12-21,City B,Evening,Foggy,3,2
2023-12-22,City B,Night,Snowy,4,3
2023-12-23,City B,Morning,Clear,1,0
2023-12-24,City B,Afternoon,Rainy,2,1
2023-12-25,City B,Evening,Foggy,3,2
2023-12-26,City B,Night,Snowy,4,3
2023-12-27,City B,Morning,Clear,1,0
2023-12-28,City B,Afternoon,Rainy,2,1
2023-12-29,City B,Evening,Foggy,3,2
2023-12-30,City B,Night,Snowy,4,3
2023-12-31,City B,Morning,Clear,1,0
2024-01-01,City B,Afternoon,Rainy,2,1
2024-01-02,City B,Evening,Foggy,3,2
2024-01-03,City B,Night,Snowy,4,3
2024-01-04,City B,Morning,Clear,1,0
2024-01-05,City B,Afternoon,Rainy,2,1
2024-01-06,City B,Evening,Foggy,3,2
2024-01-07,City B,Night,Snowy,4,3
2024-01-08,City B,Morning,Clear,1,0
2024-01-09,City B,Afternoon,Rainy,2,1
2024-01-10,City B,Evening,Foggy,3,2
2024-01-11,City B,Night,Snowy,4,3
2024-01-12,City B,Morning,Clear,1,0
2024-01-13,City B,Afternoon,Rainy,2,1
2024-01-14,City B,Evening,Foggy,3,2
2024-01-15,City B,Night,Snowy,4,3
2024-01-16,City B,Morning,Clear,1,0
2024-01-17,City B,Afternoon,Rainy,2,1
2024-01-18,City B,Evening,Foggy,3,2
2024-01-19,City B,Night,Snowy,4,3
2024-01-20,City B,Morning,Clear,1,0
2024-01-21,City B,Afternoon,Rainy,2,1
2024-01-22,City B,Evening,Foggy,3,2
2024-01-23,City B,Night,Snowy,4,3
2024-01-24,City B,Morning,Clear,1,0
2024-01-25,City B,Afternoon,Rainy,2,1
2024-01-26,City B,Evening,Foggy,3,2
2024-01-27,City B,Night,Snowy,4,3
2024-01-28,City B,Morning,Clear,1,0
2024-01-29,City B,Afternoon,Rainy,2,1
2024-01-30,City B,Evening,Foggy,3,2
2024-01-31,City B,Night,Snowy,4,3
2024-02-01,City B,Morning,Clear,1,0
2024-02-02,City B,Afternoon,Rainy,2,1
2024-02-03,City B,Evening,Foggy,3,2
2024-02-04,City B,Night,Snowy,4,3
2024-02-05,City B,Morning,Clear,1,0
2024-02-06,City B,Afternoon,Rainy,2,1
2024-02-07,City B,Evening,Foggy,3,2
2024-02-08,City B,Night,Snowy,4,3
2024-02-09,City B,Morning,Clear,1,0
2024-02-10,City B,Afternoon,Rainy,2,1
2024-02-11,City B,Evening,Foggy,3,2
2024-02-12,City B,Night,Snowy,4,3
2024-02-13,City B,Morning,Clear,1,0
2024-02-14,City B,Afternoon,Rainy,2,1
2024-02-15,City B,Evening,Foggy,3,2
2024-02-16,City B,Night,Snowy,4,3
2024-02-17,City B,Morning,Clear,1,0
2024-02-18,City B,Afternoon,Rainy,2,1
2024-02-19,City B,Evening,Foggy,3,2
2024-02-20,City B,Night,Snowy,4,3
2024-02-21,City B,Morning,Clear,1,0
2024-02-22,City B,Afternoon,Rainy,2,1
2024-02-23,City B,Evening,Foggy,3,2
2024-02-24,City B,Night,Snowy,4,3
2024-02-25,City B,Morning,Clear,1,0
2024-02-26,City B,Afternoon,Rainy,2,1
2024-02-27,City B,Evening,Foggy,3,2
2024-02-28,City B,Night,Snowy,4,3
2024-02-29,City B,Morning,Clear,1,0
2024-03-01,City B,Afternoon,Rainy,2,1
2024-03-02,City B,Evening,Foggy,3,2
2024-03-03,City B,Night,Snowy,4,3
2024-03-04,City B,Morning,Clear,1,0
2024-03-05,City B,Afternoon,Rainy,2,1
2024-03-06,City B,Evening,Foggy,3,2
2024-03-07,City B,Night,Snowy,4,3
2024-03-08,City B,Morning,Clear,1,0
2024-03-09,City B,Afternoon,Rainy,2,1
2024-03-10,City B,Evening,Foggy,3,2
2024-03-11,City B,Night,Snowy,4,3
2024-03-12,City B,Morning,Clear,1,0
2024-03-13,City B,Afternoon,Rainy,2,1
2024-03-14,City B,Evening,Foggy,3,2
2024-03-15,City B,Night,Snowy,4,3
2024-03-16,City B,Morning,Clear,1,0
2024-03-17,City B,Afternoon,Rainy,2,1
2024-03-18,City B,Evening,Foggy,3,2
2024-03-19,City B,Night,Snowy,4,3
2024-03-20,City B,Morning,Clear,1,0
2024-03-21,City B,Afternoon,Rainy,2,1
2024-03-22,City B,Evening,Foggy,3,2
2024-03-23,City B,Night,Snowy,4,3
2024-03-24,City B,Morning,Clear,1,0
2024-03-25,City B,Afternoon,Rainy,2,1
2024-03-26,City B,Evening,Foggy,3,2
2024-03-27,City B,Night,Snowy,4,3
2024-03-28,City B,Morning,Clear,1,0
2024-03-29,City B,Afternoon,Rainy,2,1
2024-03-30,City B,Evening,Foggy,3,2
2024-03-31,City B,Night,Snowy,4,3
2024-04-01,City B,Morning,Clear,1,0
2024-04-02,City B,Afternoon,Rainy,2,1
2024-04-03,City B,Evening,Foggy,3,2
2024-04-04,City B,Night,Snowy,4,3
2024-04-05,City B,Morning,Clear,1,0
2024-04-06,City B,Afternoon,Rainy,2,1
2024-04-07,City B,Evening,Foggy,3,2
2024-04-08,City B,Night,Snowy,4,3
2024-04-09,City B,Morning,Clear,1,0
2024-04-10,City B,Afternoon,Rainy,2,1
2024-04-11,City B,Evening,Foggy,3,2
2024-04-12,City B,Night,Snowy,4,3
2024-04-13,City B,Morning,Clear,1,0
2024-04-14,City B,Afternoon,Rainy,2,1
2024-04-15,City B,Evening,Foggy,3,2
2024-04-16,City B,Night,Snowy,4,3
2024-04-17,City B,Morning,Clear,1,0
2024-04-18,City B,Afternoon,Rainy,2,1
2024-04-19,City B,Evening,Foggy,3,2
2024-04-20,City B,Night,Snowy,4,3
2024-04-21,City B,Morning,Clear,1,0
2024-04-22,City B,Afternoon,Rainy,2,1
2024-04-23,City B,Evening,Foggy,3,2
2024-04-24,City B,Night,Snowy,4,3
2024-04-25,City B,Morning,Clear,1,0
2024-04-26,City B,Afternoon,Rainy,2,1
2024-04-27,City B,Evening,Foggy,3,2
2024-04-28,City B,Night,Snowy,4,3
2024-04-29,City B,Morning,Clear,1,0
2024-04-30,City B,Afternoon,Rainy,2,1
2024-05-01,City B,Evening,Foggy,3,2
2024-05-02,City B,Night,Snowy,4,3
2024-05-03,City B,Morning,Clear,1,0
2024-05-04,City B,Afternoon,Rainy,2,1
2024-05-05,City B,Evening,Foggy,3,2
2024-05-06,City B,Night,Snowy,4,3
2024-05-07,City B,Morning,Clear,1,0
2024-05-08,City B,Afternoon,Rainy,2,1
2024-05-09,City B,Evening,Foggy,3,2
2024-05-10,City B,Night,Snowy,4,3
2024-05-11,City B,Morning,Clear,1,0
2024-05-12,City B,Afternoon,Rainy,2,1
2024-05-13,City B,Evening,Foggy,3,2
2024-05-14,City B,Night,Snowy,4,3
2024-05-15,City B,Morning,Clear,1,0
2024-05-16,City B,Afternoon,Rainy,2,1
2024-05-17,City B,Evening,Foggy,3,2
2024-05-18,City B,Night,Snowy,4,3
2024-05-19,City B,Morning,Clear,1,0
2024-05-20,City B,Afternoon,Rainy,2,1
2024-05-21,City B,Evening,Foggy,3,2
2024-05-22,City B,Night,Snowy,4,3
2024-05-23,City B,Morning,Clear,1,0
2024-05-24,City B,Afternoon,Rainy,2,1
2024-05-25,City B,Evening,Foggy,3,2
2024-05-26,City B,Night,Snowy,4,3
2024-05-27,City B,Morning,Clear,1,0
2024-05-28,City B,Afternoon,Rainy,2,1
2024-05-29,City B,Evening,Foggy,3,2
2024-05-30,City B,Night,Snowy,4,3
2024-05-31,City B,Morning,Clear,1,0
2024-06-01,City B,Afternoon,Rainy,2,1
2024-06-02,City B,Evening,Foggy,3,2
2024-06-03,City B,Night,Snowy,4,3
2024-06-04,City B,Morning,Clear,1,0
2024-06-05,City B,Afternoon,Rainy,2,1
2024-06-06,City B,Evening,Foggy,3,2
2024-06-07,City B,Night,Snowy,4,3
2024-06-08,City B,Morning,Clear,1,0
2024-06-09,City B,Afternoon,Rainy,2,1
2024-06-10,City B,Evening,Foggy,3,2
2024-06-11,City B,Night,Snowy,4,3
2024-06-12,City B,Morning,Clear,1,0
2024-06-13,City B,Afternoon,Rainy,2,1
2024-06-14,City B,Evening,Foggy,3,2
2024-06-15,City B,Night,Snowy,4,3
2024-06-16,City B,Morning,Clear,1,0
2024-06-17,City B,Afternoon,Rainy,2,1
2024-06-18,City B,Evening,Foggy,3,2
2024-06-19,City B,Night,Snowy,4,3
2024-06-20,City B,Morning,Clear,1,0
2024-06-21,City B,Afternoon,Rainy,2,1
2024-06-22,City B,Evening,Foggy,3,2
2024-06-23,City B,Night,Snowy,4,3
2024-06-24,City B,Morning,Clear,1,0
2024-06-25,City B,Afternoon,Rainy,2,1
2024-06-26,City B,Evening,Foggy,3,2
2024-06-27,City B,Night,Snowy,4,3
2024-06-28,City B,Morning,Clear,1,0
2024-06-29,City B,Afternoon,Rainy,2,1
2024-06-30,City B,Evening,Foggy,3,2
2024-07-01,City B,Night,Snowy,4,3
2024-07-02,City B,Morning,Clear,1,0
2024-07-03,City B,Afternoon,Rainy,2,1
2024-07-04,City B,Evening,Foggy,3,2
2024-07-05,City B,Night,Snowy,4,3
2024-07-06,City B,Morning,Clear,1,0
2024-07-07,City B,Afternoon,Rainy,2,1
2024-07-08,City B,Evening,Foggy,3,2
2024-07-09,City B,Night,Snowy,4,3
2024-07-10,City B,Morning,Clear,1,0
2024-07-11,City B,Afternoon,Rainy,2,1
2024-07-12,City B,Evening,Foggy,3,2
2024-07-13,City B,Night,Snowy,4,3
2024-07-14,City B,Morning,Clear,1,0
2024-07-15,City B,Afternoon,Rainy,2,1
2024-07-16,City B,Evening,Foggy,3,2
2024-07-17,City B,Night,Snowy,4,3
2024-07-18,City B,Morning,Clear,1,0
2024-07-19,City B,Afternoon,Rainy,2,1
2024-07-20,City B,Evening,Foggy,3,2
2024-07-21,City B,Night,Snowy,4,3
2024-07-22,City B,Morning,Clear,1,0
2024-07-23,City B,Afternoon,Rainy,2,1
2024-07-24,City B,Evening,Foggy,3,2
2024-07-25,City B,Night,Snowy,4,3
2024-07-26,City B,Morning,Clear,1,0
2024-07-27,City B,Afternoon,Rainy,2,1
2024-07-28,City B,Evening,Foggy,3,2
2024-07-29,City B,Night,Snowy,4,3
2024-07-30,City B,Morning,Clear,1,0
2024-07-31,City B,Afternoon,Rainy,2,1
2024-08-01,City B,Evening,Foggy,3,2
2024-08-02,City B,Night,Snowy,4,3
2024-08-03,City B,Morning,Clear,1,0
2024-08-04,City B,Afternoon,Rainy,2,1
2024-08-05,City B,Evening,Foggy,3,2
2024-08-06,City B,Night,Snowy,4,3
2024-08-07,City B,Morning,Clear,1,0
2024-08-08,City B,Afternoon,Rainy,2,1
2024-08-09,City B,Evening,Foggy,3,2
2024-08-10,City B,Night,Snowy,4,3
2024-08-11,City B,Morning,Clear,1,0
2024-08-12,City B,Afternoon,Rainy,2,1
2024-08-13,City B,Evening,Foggy,3,2
2024-08-14,City B,Night,Snowy,4,3
2024-08-15,City B,Morning,Clear,1,0
2024-08-16,City B,Afternoon,Rainy,2,1
2024-08-17,City B,Evening,Foggy,3,2
2024-08-18,City B,Night,Snowy,4,3
2024-08-19,City B,Morning,Clear,1,0
2024-08-20,City B,Afternoon,Rainy,2,1
2024-08-21,City B,Evening,Foggy,3,2
2024-08-22,City B,Night,Snowy,4,3
2024-08-23,City C,Morning,Clear,1,0
2024-08-24,City C,Afternoon,Rainy,2,1
2024-08-25,City C,Evening,Foggy,3,2
2024-08-26,City C,Night,Snowy,4,3
2024-08-27,City C,Morning,Clear,1,0
2024-08-28,City C,Afternoon,Rainy,2,1
2024-08-29,City C,Evening,Foggy,3,2
2024-08-30,City C,Night,Snowy,4,3
2024-08-31,City C,Morning,Clear,1,0
2024-09-01,City C,Afternoon,Rainy,2,1
2024-09-02,City C,Evening,Foggy,3,2
2024-09-03,City C,Night,Snowy,4,3
2024-09-04,City C,Morning,Clear,1,0
2024-09-05,City C,Afternoon,Rainy,2,1
2024-09-06,City C,Evening,Foggy,3,2
2024-09-07,City C,Night,Snowy,4,3
2024-09-08,City C,Morning,Clear,1,0
2024-09-09,City C,Afternoon,Rainy,2,1
2024-09-10,City C,Evening,Foggy,3,2
2024-09-11,City C,Night,Snowy,4,3
2024-09-12,City C,Morning,Clear,1,0
2024-09-13,City C,Afternoon,Rainy,2,1
2024-09-14,City C,Evening,Foggy,3,2
2024-09-15,City C,Night,Snowy,4,3
2024-09-16,City C,Morning,Clear,1,0
2024-09-17,City C,Afternoon,Rainy,2,1
2024-09-18,City C,Evening,Foggy,3,2
2024-09-19,City C,Night,Snowy,4,3
2024-09-20,City C,Morning,Clear,1,0
2024-09-21,City C,Afternoon,Rainy,2,1
2024-09-22,City C,Evening,Foggy,3,2
2024-09-23,City C,Night,Snowy,4,3
2024-09-24,City C,Morning,Clear,1,0
2024-09-25,City C,Afternoon,Rainy,2,1
2024-09-26,City C,Evening,Foggy,3,2
2024-09-27,City C,Night,Snowy,4,3
2024-09-28,City C,Morning,Clear,1,0
2024-09-29,City C,Afternoon,Rainy,2,1
2024-09-30,City C,Evening,Foggy,3,2
2024-10-01,City C,Night,Snowy,4,3
2024-10-02,City C,Morning,Clear,1,0
2024-10-03,City C,Afternoon,Rainy,2,1
2024-10-04,City C,Evening,Foggy,3,2
2024-10-05,City C,Night,Snowy,4,3
2024-10-06,City C,Morning,Clear,1,0
2024-10-07,City C,Afternoon,Rainy,2,1
2024-10-08,City C,Evening,Foggy,3,2
2024-10-09,City C,Night,Snowy,4,3
2024-10-10,City C,Morning,Clear,1,0
2024-10-11,City C,Afternoon,Rainy,2,1
2024-10-12,City C,Evening,Foggy,3,2
2024-10-13,City C,Night,Snowy,4,3
2024-10-14,City C,Morning,Clear,1,0
2024-10-15,City C,Afternoon,Rainy,2,1
2024-10-16,City C,Evening,Foggy,3,2
2024-10-17,City C,Night,Snowy,4,3
2024-10-18,City C,Morning,Clear,1,0
2024-10-19,City C,Afternoon,Rainy,2,1
2024-10-20,City C,Evening,Foggy,3,2
2024-10-21,City C,Night,Snowy,4,3
2024-10-22,City C,Morning,Clear,1,0
2024-10-23,City C,Afternoon,Rainy,2,1
2024-10-24,City C,Evening,Foggy,3,2
2024-10-25,City C,Night,Snowy,4,3
2024-10-26,City C,Morning,Clear,1,0
2024-10-27,City C,Afternoon,Rainy,2,1
2024-10-28,City C,Evening,Foggy,3,2
2024-10-29,City C,Night,Snowy,4,3
2024-10-30,City C,Morning,Clear,1,0
2024-10-31,City C,Afternoon,Rainy,2,1
2024-11-01,City C,Evening,Foggy,3,2
2024-11-02,City C,Night,Snowy,4,3
2024-11-03,City C,Morning,Clear,1,0
2024-11-04,City C,Afternoon,Rainy,2,1
2024-11-05,City C,Evening,Foggy,3,2
2024-11-06,City C,Night,Snowy,4,3
2024-11-07,City C,Morning,Clear,1,0
2024-11-08,City C,Afternoon,Rainy,2,1
2024-11-09,City C,Evening,Foggy,3,2
2024-11-10,City C,Night,Snowy,4,3
2024-11-11,City C,Morning,Clear,1,0
2024-11-12,City C,Afternoon,Rainy,2,1
2024-11-13,City C,Evening,Foggy,3,2
2024-11-14,City C,Night,Snowy,4,3
2024-11-15,City C,Morning,Clear,1,0
2024-11-16,City C,Afternoon,Rainy,2,1
2024-11-17,City C,Evening,Foggy,3,2
2024-11-18,City C,Night,Snowy,4,3
2024-11-19,City C,Morning,Clear,1,0
2024-11-20,City C,Afternoon,Rainy,2,1
2024-11-21,City C,Evening,Foggy,3,2
2024-11-22,City C,Night,Snowy,4,3
2024-11-23,City C,Morning,Clear,1,0
2024-11-24,City C,Afternoon,Rainy,2,1
2024-11-25,City C,Evening,Foggy,3,2
2024-11-26,City C,Night,Snowy,4,3
2024-11-27,City C,Morning,Clear,1,0
2024-11-28,City C,Afternoon,Rainy,2,1
2024-11-29,City C,Evening,Foggy,3,2
2024-11-30,City C,Night,Snowy,4,3
2024-12-01,City C,Morning,Clear,1,0
2024-12-02,City C,Afternoon,Rainy,2,1
2024-12-03,City C,Evening,Foggy,3,2
2024-12-04,City C,Night,Snowy,4,3
2024-12-05,City C,Morning,Clear,1,0
2024-12-06,City C,Afternoon,Rainy,2,1
2024-12-07,City C,Evening,Foggy,3,2
2024-12-08,City C,Night,Snowy,4,3
2024-12-09,City C,Morning,Clear,1,0
2024-12-10,City C,Afternoon,Rainy,2,1
2024-12-11,City C,Evening,Foggy,3,2
2024-12-12,City C,Night,Snowy,4,3
2024-12-13,City C,Morning,Clear,1,0
2024-12-14,City C,Afternoon,Rainy,2,1
2024-12-15,City C,Evening,Foggy,3,2
2024-12-16,City C,Night,Snowy,4,3
2024-12-17,City C,Morning,Clear,1,0
2024-12-18,City C,Afternoon,Rainy,2,1
2024-12-19,City C,Evening,Foggy,3,2
2024-12-20,City C,Night,Snowy,4,3
2024-12-21,City C,Morning,Clear,1,0
2024-12-22,City C,Afternoon,Rainy,2,1
2024-12-23,City C,Evening,Foggy,3,2
2024-12-24,City C,Night,Snowy,4,3
2024-12-25,City C,Morning,Clear,1,0
2024-12-26,City C,Afternoon,Rainy,2,1
2024-12-27,City C,Evening,Foggy,3,2
2024-12-28,City C,Night,Snowy,4,3
2024-12-29,City C,Morning,Clear,1,0
2024-12-30,City C,Afternoon,Rainy,2,1
2024-12-31,City C,Evening,Foggy,3,2
2025-01-01,City C,Night,Snowy,4,3
2025-01-02,City C,Morning,Clear,1,0
2025-01-03,City C,Afternoon,Rainy,2,1
2025-01-04,City C,Evening,Foggy,3,2
2025-01-05,City C,Night,Snowy,4,3
2025-01-06,City C,Morning,Clear,1,0
2025-01-07,City C,Afternoon,Rainy,2,1
2025-01-08,City C,Evening,Foggy,3,2
2025-01-09,City C,Night,Snowy,4,3
2025-01-10,City C,Morning,Clear,1,0
2025-01-11,City C,Afternoon,Rainy,2,1
2025-01-12,City C,Evening,Foggy,3,2
2025-01-13,City C,Night,Snowy,4,3
2025-01-14,City C,Morning,Clear,1,0
2025-01-15,City C,Afternoon,Rainy,2,1
2025-01-16,City C,Evening,Foggy,3,2
2025-01-17,City C,Night,Snowy,4,3
2025-01-18,City C,Morning,Clear,1,0
2025-01-19,City C,Afternoon,Rainy,2,1
2025-01-20,City C,Evening,Foggy,3,2
2025-01-21,City C,Night,Snowy,4,3
2025-01-22,City C,Morning,Clear,1,0
2025-01-23,City C,Afternoon,Rainy,2,1
2025-01-24,City C,Evening,Foggy,3,2
2025-01-25,City C,Night,Snowy,4,3
2025-01-26,City C,Morning,Clear,1,0
2025-01-27,City C,Afternoon,Rainy,2,1
2025-01-28,City C,Evening,Foggy,3,2
2025-01-29,City C,Night,Snowy,4,3
2025-01-30,City C,Morning,Clear,1,0
2025-01-31,City C,Afternoon,Rainy,2,1
2025-02-01,City C,Evening,Foggy,3,2
2025-02-02,City C,Night,Snowy,4,3
2025-02-03,City C,Morning,Clear,1,0
2025-02-04,City C,Afternoon,Rainy,2,1
2025-02-05,City C,Evening,Foggy,3,2
2025-02-06,City C,Night,Snowy,4,3
2025-02-07,City C,Morning,Clear,1,0
2025-02-08,City C,Afternoon,Rainy,2,1
2025-02-09,City C,Evening,Foggy,3,2
2025-02-10,City C,Night,Snowy,4,3
2025-02-11,City C,Morning,Clear,1,0
2025-02-12,City C,Afternoon,Rainy,2,1
2025-02-13,City C,Evening,Foggy,3,2
2025-02-14,City C,Night,Snowy,4,3
2025-02-15,City C,Morning,Clear,1,0
2025-02-16,City C,Afternoon,Rainy,2,1
2025-02-17,City C,Evening,Foggy,3,2
2025-02-18,City C,Night,Snowy,4,3
2025-02-19,City C,Morning,Clear,1,0
2025-02-20,City C,Afternoon,Rainy,2,1
2025-02-21,City C,Evening,Foggy,3,2
2025-02-22,City C,Night,Snowy,4,3
2025-02-23,City C,Morning,Clear,1,0
2025-02-24,City C,Afternoon,Rainy,2,1
2025-02-25,City C,Evening,Foggy,3,2
2025-02-26,City C,Night,Snowy,4,3
2025-02-27,City C,Morning,Clear,1,0
2025-02-28,City C,Afternoon,Rainy,2,1
2025-03-01,City C,Evening,Foggy,3,2
2025-03-02,City C,Night,Snowy,4,3
2025-03-03,City C,Morning,Clear,1,0
2025-03-04,City C,Afternoon,Rainy,2,1
2025-03-05,City C,Evening,Foggy,3,2
2025-03-06,City C,Night,Snowy,4,3
2025-03-07,City C,Morning,Clear,1,0
2025-03-08,City C,Afternoon,Rainy,2,1
2025-03-09,City C,Evening,Foggy,3,2
2025-03-10,City C,Night,Snowy,4,3
2025-03-11,City C,Morning,Clear,1,0
2025-03-12,City C,Afternoon,Rainy,2,1
2025-03-13,City C,Evening,Foggy,3,2
2025-03-14,City C,Night,Snowy,4,3
2025-03-15,City C,Morning,Clear,1,0
2025-03-16,City C,Afternoon,Rainy,2,1
2025-03-17,City C,Evening,Foggy,3,2
2025-03-18,City C,Night,Snowy,4,3
2025-03-19,City C,Morning,Clear,1,0
2025-03-20,City C,Afternoon,Rainy,2,1
2025-03-21,City C,Evening,Foggy,3,2
2025-03-22,City C,Night,Snowy,4,3
2025-03-23,City C,Morning,Clear,1,0
2025-03-24,City C,Afternoon,Rainy,2,1
2025-03-25,City C,Evening,Foggy,3,2
2025-03-26,City C,Night,Snowy,4,3
2025-03-27,City C,Morning,Clear,1,0
2025-03-28,City C,Afternoon,Rainy,2,1
2025-03-29,City C,Evening,Foggy,3,2
2025-03-30,City C,Night,Snowy,4,3
2025-03-31,City C,Morning,Clear,1,0
2025-04-01,City C,Afternoon,Rainy,2,1
2025-04-02,City C,Evening,Foggy,3,2
2025-04-03,City C,Night,Snowy,4,3
2025-04-04,City C,Morning,Clear,1,0
2025-04-05,City C,Afternoon,Rainy,2,1
2025-04-06,City C,Evening,Foggy,3,2
2025-04-07,City C,Night,Snowy,4,3
2025-04-08,City C,Morning,Clear,1,0
2025-04-09,City C,Afternoon,Rainy,2,1
2025-04-10,City C,Evening,Foggy,3,2
2025-04-11,City C,Night,Snowy,4,3
2025-04-12,City C,Morning,Clear,1,0
2025-04-13,City C,Afternoon,Rainy,2,1
2025-04-14,City C,Evening,Foggy,3,2
2025-04-15,City C,Night,Snowy,4,3
2025-04-16,City C,Morning,Clear,1,0
2025-04-17,City C,Afternoon,Rainy,2,1
2025-04-18,City C,Evening,Foggy,3,2
2025-04-19,City C,Night,Snowy,4,3
2025-04-20,City C,Morning,Clear,1,0
2025-04-21,City C,Afternoon,Rainy,2,1
2025-04-22,City C,Evening,Foggy,3,2
2025-04-23,City C,Night,Snowy,4,3
2025-04-24,City C,Morning,Clear,1,0
2025-04-25,City C,Afternoon,Rainy,2,1
2025-04-26,City C,Evening,Foggy,3,2
2025-04-27,City C,Night,Snowy,4,3
2025-04-28,City C,Morning,Clear,1,0
2025-04-29,City C,Afternoon,Rainy,2,1
2025-04-30,City C,Evening,Foggy,3,2
2025-05-01,City C,Night,Snowy,4,3
2025-05-02,City C,Morning,Clear,1,0
2025-05-03,City C,Afternoon,Rainy,2,1
2025-05-04,City C,Evening,Foggy,3,2
2025-05-05,City C,Night,Snowy,4,3
2025-05-06,City C,Morning,Clear,1,0
2025-05-07,City C,Afternoon,Rainy,2,1
2025-05-08,City C,Evening,Foggy,3,2
2025-05-09,City C,Night,Snowy,4,3
2025-05-10,City C,Morning,Clear,1,0
2025-05-11,City C,Afternoon,Rainy,2,1
2025-05-12,City C,Evening,Foggy,3,2
2025-05-13,City C,Night,Snowy,4,3
2025-05-14,City C,Morning,Clear,1,0
2025-05-15,City C,Afternoon,Rainy,2,1
2025-05-16,City C,Evening,Foggy,3,2
2025-05-17,City C,Night,Snowy,4,3
2025-05-18,City C,Morning,Clear,1,0
2025-05-19,City C,Afternoon,Rainy,2,1
2025-05-20,City C,Evening,Foggy,3,2
2025-05-21,City C,Night,Snowy,4,3
2025-05-22,City C,Morning,Clear,1,0
2025-05-23,City C,Afternoon,Rainy,2,1
2025-05-24,City C,Evening,Foggy,3,2
2025-05-25,City C,Night,Snowy,4,3
2025-05-26,City C,Morning,Clear,1,0
2025-05-27,City C,Afternoon,Rainy,2,1
2025-05-28,City C,Evening,Foggy,3,2
2025-05-29,City C,Night,Snowy,4,3
2025-05-30,City C,Morning,Clear,1,0
2025-05-31,City C,Afternoon,Rainy,2,1
2025-06-01,City C,Evening,Foggy,3,2
2025-06-02,City C,Night,Snowy,4,3
2025-06-03,City C,Morning,Clear,1,0
2025-06-04,City C,Afternoon,Rainy,2,1
2025-06-05,City C,Evening,Foggy,3,2
2025-06-06,City C,Night,Snowy,4,3
2025-06-07,City C,Morning,Clear,1,0
2025-06-08,City C,Afternoon,Rainy,2,1
2025-06-09,City C,Evening,Foggy,3,2
2025-06-10,City C,Night,Snowy,4,3
2025-06-11,City C,Morning,Clear,1,0
2025-06-12,City C,Afternoon,Rainy,2,1
2025-06-13,City C,Evening,Foggy,3,2
2025-06-14,City C,Night,Snowy,4,3
2025-06-15,City C,Morning,Clear,1,0
2025-06-16,City C,Afternoon,Rainy,2,1
2025-06-17,City C,Evening,Foggy,3,2
2025-06-18,City C,Night,Snowy,4,3
2025-06-19,City C,Morning,Clear,1,0
2025-06-20,City C,Afternoon,Rainy,2,1
2025-06-21,City C,Evening,Foggy,3,2
2025-06-22,City C,Night,Snowy,4,3
2025-06-23,City C,Morning,Clear,1,0
2025-06-24,City C,Afternoon,Rainy,2,1
2025-06-25,City C,Evening,Foggy,3,2
2025-06-26,City C,Night,Snowy,4,3
2025-06-27,City C,Morning,Clear,1,0
2025-06-28,City C,Afternoon,Rainy,2,1
2025-06-29,City C,Evening,Foggy,3,2
2025-06-30,City C,Night,Snowy,4,3
2025-07-01,City C,Morning,Clear,1,0
2025-07-02,City C,Afternoon,Rainy,2,1
2025-07-03,City C,Evening,Foggy,3,2
2025-07-04,City C,Night,Snowy,4,3
2025-07-05,City C,Morning,Clear,1,0
2025-07-06,City C,Afternoon,Rainy,2,1
2025-07-07,City C,Evening,Foggy,3,2
2025-07-08,City C,Night,Snowy,4,3
2025-07-09,City C,Morning,Clear,1,0
2025-07-10,City C,Afternoon,Rainy,2,1
2025-07-11,City C,Evening,Foggy,3,2
2025-07-12,City C,Night,Snowy,4,3
2025-07-13,City C,Morning,Clear,1,0
2025-07-14,City C,Afternoon,Rainy,2,1
2025-07-15,City C,Evening,Foggy,3,2
2025-07-16,City C,Night,Snowy,4,3
2025-07-17,City C,Morning,Clear,1,0
2025-07-18,City C,Afternoon,Rainy,2,1
2025-07-19,City C,Evening,Foggy,3,2
2025-07-20,City C,Night,Snowy,4,3
2025-07-21,City C,Morning,Clear,1,0
2025-07-22,City C,Afternoon,Rainy,2,1
2025-07-23,City C,Evening,Foggy,3,2
2025-07-24,City C,Night,Snowy,4,3
2025-07-25,City C,Morning,Clear,1,0
2025-07-26,City C,Afternoon,Rainy,2,1
2025-07-27,City C,Evening,Foggy,3,2
2025-07-28,City C,Night,Snowy,4,3
2025-07-29,City C,Morning,Clear,1,0
2025-07-30,City C,Afternoon,Rainy,2,1
2025-07-31,City C,Evening,Foggy,3,2
2025-08-01,City C,Night,Snowy,4,3
2025-08-02,City C,Morning,Clear,1,0
2025-08-03,City C,Afternoon,Rainy,2,1
2025-08-04,City C,Evening,Foggy,3,2
2025-08-05,City C,Night,Snowy,4,3
2025-08-06,City C,Morning,Clear,1,0
2025-08-07,City C,Afternoon,Rainy,2,1
2025-08-08,City C,Evening,Foggy,3,2
2025-08-09,City C,Night,Snowy,4,3
2025-08-10,City C,Morning,Clear,1,0
2025-08-11,City C,Afternoon,Rainy,2,1
2025-08-12,City C,Evening,Foggy,3,2
2025-08-13,City C,Night,Snowy,4,3
2025-08-14,City C,Morning,Clear,1,0
2025-08-15,City C,Afternoon,Rainy,2,1
2025-08-16,City C,Evening,Foggy,3,2
2025-08-17,City C,Night,Snowy,4,3
2025-08-18,City C,Morning,Clear,1,0
2025-08-19,City C,Afternoon,Rainy,2,1
2025-08-20,City C,Evening,Foggy,3,2
2025-08-21,City C,Night,Snowy,4,3
2025-08-22,City C,Morning,Clear,1,0
2025-08-23,City C,Afternoon,Rainy,2,1
2025-08-24,City C,Evening,Foggy,3,2
2025-08-25,City C,Night,Snowy,4,3
2025-08-26,City C,Morning,Clear,1,0
2025-08-27,City C,Afternoon,Rainy,2,1
2025-08-28,City C,Evening,Foggy,3,2
2025-08-29,City C,Night,Snowy,4,3
2025-08-30,City C,Morning,Clear,1,0
2025-08-31,City C,Afternoon,Rainy,2,1
2025-09-01,City C,Evening,Foggy,3,2
2025-09-02,City C,Night,Snowy,4,3
2025-09-03,City C,Morning,Clear,1,0
2025-09-04,City C,Afternoon,Rainy,2,1
2025-09-05,City C,Evening,Foggy,3,2
2025-09-06,City C,Night,Snowy,4,3
2025-09-07,City C,Morning,Clear,1,0
2025-09-08,City C,Afternoon,Rainy,2,1
2025-09-09,City C,Evening,Foggy,3,2
2025-09-10,City C,Night,Snowy,4,3
2025-09-11,City C,Morning,Clear,1,0
2025-09-12,City C,Afternoon,Rainy,2,1
2025-09-13,City C,Evening,Foggy,3,2
2025-09-14,City C,Night,Snowy,4,3
2025-09-15,City C,Morning,Clear,1,0
2025-09-16,City C,Afternoon,Rainy,2,1
2025-09-17,City C,Evening,Foggy,3,2
2025-09-18,City C,Night,Snowy,4,3
2025-09-19,City C,Morning,Clear,1,0
2025-09-20,City C,Afternoon,Rainy,2,1
2025-09-21,City C,Evening,Foggy,3,2
2025-09-22,City C,Night,Snowy,4,3
2025-09-23,City C,Morning,Clear,1,0
2025-09-24,City C,Afternoon,Rainy,2,1
2025-09-25,City C,Evening,Foggy,3,2
2025-09-26,City C,Night,Snowy,4,3
